<?xml version="1.0" encoding="UTF-8"?>
<root>
  <item name="com.shijingfeng.wan_android.annotation.define.SearchHistoryLoadServiceStatus">
    <annotation name="androidx.annotation.IntDef">
      <val name="value" val="{com.shijingfeng.wan_android.common.constant.StatusConstant.LOAD_SERVICE_SEARCH_HISTORY_SUCCESS, com.shijingfeng.wan_android.common.constant.StatusConstant.LOAD_SERVICE_SEARCH_HISTORY_LOADING, com.shijingfeng.wan_android.common.constant.StatusConstant.LOAD_SERVICE_SEARCH_HISTORY_EMPTY, com.shijingfeng.wan_android.common.constant.StatusConstant.LOAD_SERVICE_SEARCH_HISTORY_LOAD_FAIL}" />
    </annotation>
  </item>
  <item name="com.shijingfeng.wan_android.annotation.define.SearchHotWordLoadServiceStatus">
    <annotation name="androidx.annotation.IntDef">
      <val name="value" val="{com.shijingfeng.wan_android.common.constant.StatusConstant.LOAD_SERVICE_SEARCH_HOT_WORD_SUCCESS, com.shijingfeng.wan_android.common.constant.StatusConstant.LOAD_SERVICE_SEARCH_HOT_WORD_LOADING, com.shijingfeng.wan_android.common.constant.StatusConstant.LOAD_SERVICE_SEARCH_HOT_WORD_EMPTY, com.shijingfeng.wan_android.common.constant.StatusConstant.LOAD_SERVICE_SEARCH_HOT_WORD_LOAD_FAIL}" />
    </annotation>
  </item>
</root>

