<?xml version="1.0" encoding="UTF-8"?>
<root>
  <item name="com.shijingfeng.base.annotation.define.AppInitPriority">
    <annotation name="androidx.annotation.IntDef">
      <val name="value" val="{com.shijingfeng.base.interfaces.AppInitKt.HIGH, com.shijingfeng.base.interfaces.AppInitKt.MEDIUM, com.shijingfeng.base.interfaces.AppInitKt.LOW}" />
    </annotation>
  </item>
  <item name="com.shijingfeng.base.annotation.define.DataOperateType">
    <annotation name="androidx.annotation.IntDef">
      <val name="value" val="{com.shijingfeng.base.common.constant.FlagConstant.NONE, com.shijingfeng.base.common.constant.FlagConstant.LOAD, com.shijingfeng.base.common.constant.FlagConstant.REFRESH, com.shijingfeng.base.common.constant.FlagConstant.ADD, com.shijingfeng.base.common.constant.FlagConstant.INSERT, com.shijingfeng.base.common.constant.FlagConstant.REMOVE, com.shijingfeng.base.common.constant.FlagConstant.UPDATE, com.shijingfeng.base.common.constant.FlagConstant.CLEAR}" />
    </annotation>
  </item>
  <item name="com.shijingfeng.base.annotation.define.DataSource">
    <annotation name="androidx.annotation.IntDef">
      <val name="value" val="{com.shijingfeng.base.common.constant.FlagConstant.DATA_SOURCE_NETWORK, com.shijingfeng.base.common.constant.FlagConstant.DATA_SOURCE_LOCAL}" />
    </annotation>
  </item>
  <item name="com.shijingfeng.base.annotation.define.GlideOutputType">
    <annotation name="androidx.annotation.IntDef">
      <val name="value" val="{com.shijingfeng.base.util.image_load.GlideImageLoaderKt.AS_DRAWABLE, com.shijingfeng.base.util.image_load.GlideImageLoaderKt.AS_BITMAP, com.shijingfeng.base.util.image_load.GlideImageLoaderKt.AS_GIF, com.shijingfeng.base.util.image_load.GlideImageLoaderKt.AS_FILE}" />
    </annotation>
  </item>
  <item name="com.shijingfeng.base.annotation.define.LoadServiceStatus">
    <annotation name="androidx.annotation.IntDef">
      <val name="value" val="{com.shijingfeng.base.common.constant.StatusConstant.LOAD_SERVICE_SUCCESS, com.shijingfeng.base.common.constant.StatusConstant.LOAD_SERVICE_LOADING, com.shijingfeng.base.common.constant.StatusConstant.LOAD_SERVICE_EMPTY, com.shijingfeng.base.common.constant.StatusConstant.LOAD_SERVICE_LOAD_FAIL}" />
    </annotation>
  </item>
  <item name="com.shijingfeng.base.annotation.define.Order">
    <annotation name="androidx.annotation.IntDef">
      <val name="value" val="{com.shijingfeng.base.common.constant.FlagConstant.ORDER_PLAIN, com.shijingfeng.base.common.constant.FlagConstant.ORDER_REVERSED}" />
    </annotation>
  </item>
  <item name="com.shijingfeng.base.annotation.define.PageOperateType">
    <annotation name="androidx.annotation.IntDef">
      <val name="value" val="{com.shijingfeng.base.common.constant.FlagConstant.NONE, com.shijingfeng.base.common.constant.FlagConstant.PAGE_OPERATE_TYPE_LOAD, com.shijingfeng.base.common.constant.FlagConstant.PAGE_OPERATE_TYPE_REFRESH, com.shijingfeng.base.common.constant.FlagConstant.PAGE_OPERATE_TYPE_LOAD_MORE}" />
    </annotation>
  </item>
  <item name="com.shijingfeng.base.annotation.define.RefreshLoadMoreStatus">
    <annotation name="androidx.annotation.IntDef">
      <val name="value" val="{com.shijingfeng.base.common.constant.StatusConstant.REFRESH_LOAD_MORE_NONE, com.shijingfeng.base.common.constant.StatusConstant.REFRESH_SUCCESS, com.shijingfeng.base.common.constant.StatusConstant.REFRESH_FAIL, com.shijingfeng.base.common.constant.StatusConstant.LOAD_MORE_SUCCESS, com.shijingfeng.base.common.constant.StatusConstant.LOAD_MORE_FAIL, com.shijingfeng.base.common.constant.StatusConstant.LOAD_MORE_ALL}" />
    </annotation>
  </item>
</root>

